[  {    "employee": "John Smith",    "leaveType": "Vacation",    "halfDay": "No",    "startDate": "2022-05-01",    "endDate": "2022-05-05",    "reason": "Vacation",    "noOfLeaves": 5,    "status": "Approved"  },  {    "employee": "Jane Doe",    "leaveType": "Sick Leave",    "halfDay": "Yes",    "startDate": "2022-05-03",    "endDate": "2022-05-03",    "reason": "Fever",    "noOfLeaves": 0.5,    "status": "Pending"  },  {    "employee": "Bob Johnson",    "leaveType": "Personal Leave",    "halfDay": "No",    "startDate": "2022-05-10",    "endDate": "2022-05-12",    "reason": "Personal",    "noOfLeaves": 3,    "status": "Approved"  }]
